country,total_cases,total_deaths,CFR,gdp_group
Afghanistan,235214.0,7998.0,3.400307804807537,Low
Aruba,44224.0,292.0,0.66027496382055,High
Australia,11861161.0,25236.0,0.2127616343796362,High
Austria,6082444.0,22534.0,0.3704760783658674,High
Bahrain,696614.0,1536.0,0.22049513790994724,High
Belgium,4872829.0,34339.0,0.7047035715802874,High
Benin,28036.0,163.0,0.5813953488372093,Low
Bermuda,18860.0,165.0,0.8748674443266171,High
Brunei,347723.0,179.0,0.051477756720147934,High
Burkina Faso,22139.0,400.0,1.8067663399430869,Low
Burundi,54569.0,15.0,0.02748813428869871,Low
Cameroon,125246.0,1974.0,1.576098238666305,Low
Canada,4819055.0,55282.0,1.1471543694770032,High
Cayman Islands,31472.0,37.0,0.1175648195221149,High
Central African Republic,15441.0,113.0,0.7318178874425232,Low
Chad,7702.0,194.0,2.5188262788886004,Low
Comoros,9109.0,160.0,1.7565045559336918,Low
Democratic Republic of Congo,101009.0,1474.0,1.4592759061073766,Low
Denmark,3435679.0,9693.0,0.2821276376518295,High
Djibouti,15690.0,189.0,1.2045889101338432,Low
Eritrea,10189.0,103.0,1.0108941014819903,Low
Ethiopia,501193.0,7574.0,1.5111942904230506,Low
Finland,1499712.0,11466.0,0.764546792984253,High
France,38997490.0,168091.0,0.43103030477089677,High
Gambia,12627.0,372.0,2.9460679496317415,Low
Germany,38437756.0,174979.0,0.4552268868141002,High
Guinea,38572.0,468.0,1.2133153582909884,Low
Guinea-Bissau,9614.0,177.0,1.841065113376326,Low
Haiti,34456.0,860.0,2.495936846993267,Low
Iceland,210374.0,186.0,0.08841396750549022,High
Ireland,1745088.0,9744.0,0.558367257123996,High
Israel,4841558.0,12707.0,0.26245683724123514,High
Italy,26781078.0,197307.0,0.7367403209086654,High
Japan,33803572.0,74694.0,0.2209648140143296,High
Kenya,344106.0,5689.0,1.6532696320319902,Low
Kiribati,5085.0,24.0,0.471976401179941,Low
Kuwait,667290.0,2570.0,0.38513989419892397,High
Lesotho,36138.0,709.0,1.961923736786762,Low
Liberia,8090.0,294.0,3.634116192830655,Low
Luxembourg,393542.0,1000.0,0.25410248461409457,High
Madagascar,68567.0,1428.0,2.0826345034783493,Low
Malawi,89168.0,2686.0,3.0122914049883365,Low
Mali,33166.0,743.0,2.240246035096183,Low
Malta,122796.0,922.0,0.7508387895371185,High
Micronesia (country),31765.0,65.0,0.2046277349283803,Low
Mozambique,233843.0,2252.0,0.9630393041485099,Low
Nepal,1003450.0,12031.0,1.1989635756639594,Low
Netherlands,8640008.0,22986.0,0.2660414203320182,High
New Zealand,2639048.0,4284.0,0.16233126491067992,High
Niger,9518.0,315.0,3.3095188064719476,Low
Norway,1512647.0,5732.0,0.378938377559338,High
Oman,399449.0,4628.0,1.1585959659430867,High
Puerto Rico,1252713.0,5938.0,0.47401120607832764,High
Qatar,514524.0,690.0,0.1341045315670406,High
Rwanda,133264.0,1468.0,1.10157281786529,Low
San Marino,25292.0,126.0,0.498181243080816,High
Sao Tome and Principe,6771.0,80.0,1.1815093782306896,Low
Saudi Arabia,841469.0,9646.0,1.1463286229201552,High
Senegal,89485.0,1971.0,2.2026037883444154,Low
Sierra Leone,7979.0,126.0,1.579145256297782,Low
Singapore,3006155.0,2024.0,0.06732853096397225,High
Sint Maarten (Dutch part),11051.0,92.0,0.8325038458058095,High
Solomon Islands,25954.0,199.0,0.7667411574323804,Low
South Korea,34571873.0,35934.0,0.10393998612687255,High
South Sudan,18823.0,147.0,0.7809594644849386,Low
Spain,13980340.0,121852.0,0.8715953975368267,High
Sweden,2755181.0,27399.0,0.9944537219151846,High
Switzerland,4457868.0,14170.0,0.31786495248401253,High
Tajikistan,17786.0,125.0,0.7027999550208028,Low
Tanzania,43230.0,846.0,1.9569743233865373,Low
Togo,39530.0,290.0,0.7336200354161396,Low
Uganda,172154.0,3632.0,2.109738954656877,Low
United Arab Emirates,1067030.0,2349.0,0.2201437635305474,High
United Kingdom,24974629.0,232112.0,0.9293911833485093,High
United States,103436829.0,1193165.0,1.1535204738343245,High
Vanuatu,12019.0,14.0,0.11648223645894001,Low
Yemen,11945.0,2159.0,18.07450816241105,Low
Zimbabwe,266386.0,5740.0,2.154767893207601,Low
